﻿Wskaźnik;Jednostka;1949;1950;1951;1952;1953;1954;1955;1956;1957;1958;1959;1960;1961;1962;1963;1964;1965;1966;1967;1968;1969;1970;1971;1972;1973;1974;1975;1976;1977;1978;1979;1980;1981;1982;1983;1984;1985;1986;1987;1988;1989;1990;1991;1992;1993;1994;1995;1996;1997;1998
Wartość skupu produktów rolnych (ceny bieżące);tys. zł;—;—;—;—;—;2734,7;3422,1;4408,1;5223,5;5420,2;5886;6795,5;6811,5;6856,3;7485;8539,8;9370;9975,8;10 543,1;10 377,9;10 838,6;12 797,1;15 539,3;18 146,6;20 379,6;22 213,9;26 443,2;30 286,3;34 211,7;36 150,9;36 252,3;52 506,9;81 701,0;96 443,9;109 695,7;127 533,0;151 233,6;178 527,4;347 455,5;1 122 598,0;3 767 991,7;4 009 921,6;5 494 363,1;6 921 608,8;8 573 892,6;12 078 909,1;15 069 325,9;17 714 262,1;19 077 720,5;.
produkty roślinne;tys. zł;—;—;—;—;—;1251,6;1305,2;1529,9;1762,2;1836;2089,7;2494,5;2410,7;2774,7;3139,4;3541,5;3965,2;4340,2;4737;4237,7;4433,1;5028,8;5204,2;6150,4;6344,1;7405,3;9593,7;10 050,2;11 052,9;10 694,9;9576,7;16 167,0;25 717,5;34 776,3;39 336,8;43 834,1;50 842,0;61 792,5;113 746,4;451 640,7;1 300 626,2;1 174 718,3;1 641 352,7;2 338 099,0;2 731 161,4;4 253 110,1;5 375 565,5;5 564 998,9;6 065 390,8;.
produkty zwierzęce;tys. zł;—;—;—;—;—;1483,1;2116,9;2878,2;3461,3;3584,2;3797,3;4301;4400,8;4081,6;4345,6;4998,3;5404,8;5635,6;5806,1;6140,2;6405,5;7768,3;10 335,1;11 996,2;14 035,5;14 808,6;16 849,5;20 236,1;23 158,8;25 456,0;26 675,6;36 339,9;55 983,5;61 667,6;70 358,9;83 698,9;100 391,6;116 734,9;233 709,1;670 957,3;2 467 365,5;2 835 203,3;3 853 010,4;4 583 509,8;5 842 731,2;7 825 799,0;9 693 760,4;12 149 263,2;13 012 329,7;.
Skup zboża;t;—;—;—;—;—;—;2 886 288;2 437 252;2 209 712;2 334 173;2 692 091;2 300 779;2 710 734;2 150 953;2 522 584;2 435 057;3 017 688;3 639 614;3 687 575;4 769 768;5 028 950;4 309 839;5 653 998;5 077 261;5 892 685;5 495 751;5 118 787;5 327 684;5 938 501;6 707 693;5 065 455;4 153 101;3 390 460;3 601 273;5 532 547;6 147 861;5 984 099;5 754 477;5 791 437;5 458 763;4 564 912;6 385 421;4 598 421;3 768 727;4 098 841;4 192 484;4 603 736;4 523 593;5 086 754;4 884 692
od gospodarstw państwowych;t;—;—;—;—;—;—;540 365;388 111;329 943;512 696;725 184;623 027;895 051;701 850;904 787;906 744;1 004 616;1 299 858;1 448 757;1 764 426;1 827 090;1 609 056;1 998 126;1 683 098;1 749 221;1 469 228;1 427 795;2 091 761;2 461 316;2 807 705;2 336 650;2 200 146;1 939 331;1 175 914;1 592 186;1 911 843;1 805 852;1 759 603;1 642 989;1 604 342;1 439 236;2 228 945;1 749 928;1 653 853;1 370 470;1 139 797;892 717;704 794;624 039;485 761
od spółdzielni produkcji rolniczej;t;.;.;.;.;.;.;.;.;.;.;.;.;.;.;.;.;.;.;.;.;.;.;.;.;.;.;.;.;.;.;.;422 416;334 910;361 588;493 628;562 489;488 705;437 948;393 969;380 648;358 599;449 008;326 100;300 129;333 966;283 110;312 480;277 119;274 268;298 844
produkcyjnych;t;—;—;—;—;—;—;334 949;225 174;89 123;28 127;29 162;25 553;33 950;31 905;39 156;37 845;46 977;55 250;63 395;101 047;118 432;122 739;171 664;161 725;229 694;235 379;235 319;260 548;326 514;419 949;321 981;293 513;253 714;305 966;427 349;487 155;429 829;387 473;348 409;341 340;320 735;411 348;309 932;.;.;.;.;.;.;.
kółek rolniczych;t;—;—;—;—;—;—;—;—;—;—;—;—;—;—;—;—;33 100;—;—;—;—;54 300;74 700;91 100;95 700;108 300;120 000;213 954;285 809;339 556;172 873;128 903;81 196;55 622;66 279;75 334;58 876;50 475;45 560;39 308;37 864;37 660;16 168;.;.;.;.;.;.;.
od gospodarstw indywidualnych;t;—;—;—;—;—;—;2 010 974;1 823 967;1 790 646;1 793 350;1 937 745;1 652 199;1 781 733;1 417 198;1 578 641;1 490 468;1 932 995;2 284 506;2 175 423;2 904 295;3 083 428;2 523 744;3 409 508;3 141 338;3 818 070;3 682 844;3 335 673;2 761 421;2 864 862;3 140 483;2 233 951;1 530 539;1 116 219;2 063 771;3 446 733;3 673 529;3 689 542;3 556 926;3 754 479;3 473 773;2 767 077;3 707 468;2 522 393;1 814 745;2 394 405;2 762 570;3 397 450;3 540 800;3 597 881;3 366 186
od pozostałych form własności;t;.;.;.;.;.;.;.;.;.;.;.;.;.;.;.;.;.;.;.;.;.;.;.;.;.;.;.;.;.;.;.;.;.;.;.;.;.;.;.;.;.;.;.;.;.;7007;1089;880;590 566;733 901
zboże podstawowe;t;—;—;—;—;—;—;2 829 160;2 399 848;2 181 954;2 304 902;2 664 404;2 282 833;2 694 363;2 142 668;2 518 048;2 425 835;3 003 625;3 624 602;3 671 717;4 753 814;5 012 285;4 288 451;5 638 576;5 063 540;5 878 460;5 485 686;5 105 251;5 274 501;5 848 740;6 672 181;4 987 606;4 085 017;3 321 298;3 554 682;5 507 832;6 122 784;5 958 673;5 730 238;5 770 902;5 422 097;4 521 190;6 339 283;4 555 901;3 728 400;3 999 454;4 145 498;4 529 209;4 407 937;4 925 242;4 724 103
pszenica;t;—;—;—;—;—;—;577 048;519 418;580 739;577 507;609 659;514 769;688 702;627 654;852 068;875 922;999 701;1 197 964;1 386 119;1 884 970;1 928 541;1 830 512;2 334 544;1 949 911;2 426 097;2 455 403;2 156 164;2 269 233;2 321 146;2 643 675;1 643 665;1 148 119;951 237;855 409;1 502 773;1 813 299;2 214 074;2 506 928;2 681 408;2 667 017;2 113 407;3 463 382;2 752 857;2 440 177;2 737 192;2 575 423;2 725 258;2 664 095;3 079 196;3 176 741
żyto;t;—;—;—;—;—;—;1 708 988;1 409 497;1 180 502;1 261 361;1 615 633;1 251 567;1 446 524;943 590;1 016 790;1 030 414;1 420 573;1 693 517;1 533 023;2 029 317;1 972 836;1 232 030;1 936 122;1 970 616;2 271 457;1 874 898;1 657 201;1 736 704;1 876 763;2 292 352;1 457 622;1 507 363;1 061 079;1 874 180;2 972 252;3 257 847;2 245 163;1 709 776;1 495 816;1 157 095;1 206 845;1 682 559;915 539;653 196;648 497;923 859;1 165 845;930 323;1 016 181;883 659
jęczmień;t;—;—;—;—;—;—;314 364;280 054;266 521;309 888;312 691;387 095;422 039;417 900;501 659;426 000;472 345;514 617;499 273;547 043;760 800;736 412;910 346;835 277;915 104;888 084;995 883;976 541;1 250 082;1 354 702;1 527 628;1 105 669;933 849;619 683;764 154;814 335;1 169 728;1 189 791;1 160 940;1 010 591;628 401;789 069;648 206;464 671;436 804;433 615;434 258;539 528;572 707;442 018
owies i mieszanki zbożowe;t;—;—;—;—;—;—;228 760;190 879;154 192;156 146;126 421;129 402;137 098;153 524;147 531;93 499;111 006;218 504;253 302;292 484;350 108;489 497;457 564;307 736;265 802;267 301;296 003;292 023;400 749;381 452;358 691;323 866;375 133;205 410;268 653;237 303;325 409;276 034;281 940;292 927;195 796;141 651;116 389;78 588;81 244;88 357;94 963;139 577;127 633;83 911
pszenżyto;t;—;—;—;—;—;—;—;—;—;—;—;—;—;—;—;—;—;—;—;—;—;—;—;—;—;—;—;—;—;—;—;—;—;—;—;—;4299;47 709;150 798;294 467;376 741;262 622;122 910;91 768;95 717;124 244;108 885;134 414;129 525;137 774
pozostałe;t;—;—;—;—;—;—;57 128;37 404;27 758;29 271;18 235;14 431;14 853;7396;3416;8169;12 705;15 012;15 858;15 954;16 665;21 388;15 422;13 721;14 225;10 065;13 536;53 183;89 761;35 512;77 849;68 084;69 162;46 591;24 715;25 077;25 426;24 239;20 535;36 666;43 722;46 138;42 520;40 327;99 387;46 986;74 527;115 656;161 512;160 589
zboże konsumpcyjne;t;—;—;—;—;—;—;2 838 851;2 389 643;2 169 712;2 286 361;2 617 610;2 226 222;2 591 657;2 025 661;2 360 917;2 239 566;2 839 695;3 420 339;3 439 569;4 470 969;4 663 013;3 860 996;5 190 645;4 526 915;5 309 426;4 920 972;4 543 470;4 719 952;5 389 565;6 145 256;4 465 311;3 585 426;2 833 353;3 115 739;5 079 749;5 710 801;5 545 693;5 256 896;5 291 962;4 972 617;4 103 925;6 102 254;4 401 974;3 591 519;3 939 905;4 023 648;4 408 582;4 289 110;4 863 062;4 700 433
od gospodarstw państwowych;t;—;—;—;—;—;—;499 534;348 597;296 943;469 021;655 736;552 600;778 472;579 640;746 984;716 937;833 356;1 087 593;1 210 358;1 476 863;1 474 033;1 178 228;1 553 163;1 154 974;1 192 987;920 130;876 707;1 517 174;1 947 318;2 288 986;1 793 908;1 696 237;1 450 377;759 331;1 206 374;1 541 664;1 425 556;1 335 318;1 224 805;1 212 995;1 075 517;2 028 402;1 620 933;1 539 108;1 291 724;1 069 189;842 170;651 540;583 067;454 326
od spółdzielni produkcji rolniczej;t;.;.;.;.;.;.;.;.;.;.;.;.;.;.;.;.;.;.;.;.;.;.;.;.;.;.;.;.;.;.;.;363 851;272 078;306 183;438 651;508 411;444 035;383 528;336 717;320 687;297 506;409 837;298 116;275 638;312 996;265 168;288 007;253 921;255 358;280 987
od spółdzielni produkcyjnych;t;—;—;—;—;—;—;334 949;225 174;89 123;27 558;28 537;24 477;32 893;30 737;36 561;34 762;42 640;49 554;55 724;92 207;108 045;107 298;155 339;142 005;206 085;211 405;213 199;233 633;299 182;385 859;277 679;242 641;196 900;254 372;375 630;436 434;387 893;336 005;295 998;285 258;264 971;375 728;282 298;.;.;.;.;.;.;.
od kółek rolniczych;t;—;—;—;—;—;—;—;—;—;—;—;—;—;—;—;—;33 100;—;—;—;—;54 300;74 700;91 100;95 700;108 300;120 000;208 780;280 634;332 782;165 656;121 210;75 178;51 811;63 021;71 977;56 142;47 523;40 719;35 429;32 535;34 109;15 818;.;.;.;.;.;.;.
od gospodarstw indywidualnych;t;—;—;—;—;—;—;2 004 368;1 815 872;1 783 646;1 789 782;1 933 337;1 649 145;1 780 292;1 415 284;1 577 372;1 487 867;1 930 599;2 283 192;2 173 487;2 901 899;3 080 935;2 521 170;3 407 443;3 138 836;3 814 654;3 681 137;3 333 564;2 760 365;2 862 431;3 137 629;2 228 068;1 525 338;1 110 898;2 050 225;3 434 724;3 660 726;3 676 102;3 538 050;3 730 440;3 438 935;2 730 902;3 664 015;2 482 925;1 776 773;2 335 185;2 682 477;3 277 316;3 382 849;3 448 283;3 247 722
od pozostałych form własności;t;.;.;.;.;.;.;.;.;.;.;.;.;.;.;.;.;.;.;.;.;.;.;.;.;.;.;.;.;.;.;.;.;.;.;.;.;.;.;.;.;.;.;.;.;.;6814;1089;800;576 354;717 398
zboża podstawowe;t;—;2 398 100;3 032 900;2 913 500;2 522 400;2 541 200;2 781 960;2 353 306;2 143 054;2 258 412;2 600 259;2 212 554;2 577 624;2 019 781;2 357 984;2 232 918;2 829 245;3 406 697;3 426 079;4 458 756;4 649 863;3 843 289;5 178 595;4 515 952;5 297 978;4 912 231;4 531 151;4 667 708;5 302 295;6 115 068;4 399 812;3 527 121;2 774 264;3 082 641;5 062 400;5 693 127;5 528 579;5 244 583;5 281 015;4 947 223;4 070 157;6 063 031;4 367 908;3 555 920;3 850 083;3 980 391;4 342 293;4 178 603;4 708 625;4 541 915
pszenica;t;—;657 900;733 000;724 300;670 500;509 300;566 247;507 637;570 839;567 791;598 317;500 251;664 116;603 240;802 707;813 889;941 179;1 131 373;1 307 828;1 787 530;1 813 057;1 706 688;2 199 798;1 792 490;2 251 778;2 277 698;1 981 053;2 064 904;2 146 165;2 474 205;1 472 785;990 315;789 746;732 204;1 372 086;1 680 099;2 062 831;2 325 041;2 502 385;2 483 758;1 955 050;3 369 843;2 676 848;2 356 720;2 677 319;2 507 868;2 651 229;2 569 003;2 989 802;3 083 682
żyto;t;—;1 446 000;1 780 600;1 569 200;1 118 000;1 447 500;1 682 777;1 388 589;1 162 202;1 237 247;1 589 785;1 215 353;1 406 933;900 322;968 837;971 772;1 367 753;1 623 743;1 456 215;1 937 070;1 845 185;1 061 027;1 768 312;1 773 137;2 073 355;1 689 522;1 504 432;1 558 046;1 714 811;2 132 374;1 287 379;1 342 908;909 637;1 741 716;2 861 655;3 154 468;2 157 700;1 631 115;1 422 424;1 092 693;1 133 645;1 642 053;898 568;631 145;626 699;899 097;1 131 963;893 569;983 073;857 946
jęczmień;t;—;194 300;298 400;327 900;352 200;322 100;311 850;276 938;264 121;305 601;299 097;382 817;391 760;381 968;463 452;381 075;431 338;467 650;449 561;494 593;703 762;672 647;836 629;741 830;794 204;766 315;854 050;836 903;1 124 507;1 200 313;1 358 035;934 702;787 262;470 918;633 822;694 329;1 055 113;1 068 168;1 037 447;899 199;529 610;717 711;597 767;428 519;396 404;396 530;393 326;490 203;518 744;408 027
owies i mieszanki zbożowe;t;—;99 900;220 900;292 100;381 700;262 300;221 086;180 142;145 892;147 773;113 060;114 133;114 815;134 251;122 988;66 182;88 975;183 931;212 475;239 563;287 859;402 927;373 856;208 495;178 641;178 696;191 616;207 855;316 812;308 176;281 613;259 196;287 619;137 803;194 837;164 231;252 644;206 751;217 814;224 711;128 739;101 961;84 397;60 111;64 636;71 577;75 839;115 508;107 519;73 537
pszenżyto;t;—;—;—;—;—;—;—;—;—;—;—;—;—;—;—;—;—;—;—;—;—;—;—;—;—;—;—;—;—;—;—;—;—;—;—;—;291;13 508;100 945;246 862;323 113;231 463;110 328;79 425;85 025;105 319;89 936;110 320;109 487;118 723
pozostałe zboża;t;—;—;—;—;—;—;56 891;36 337;26 658;27 949;17 351;13 668;14 033;5880;2933;6648;10 450;13 642;13 490;12 213;13 150;17 707;12 050;10 963;11 448;8741;12 319;52 244;87 270;30 188;65 499;58 305;59 089;33 098;17 349;17 674;17 114;12 313;10 947;25 394;33 768;39 223;34 066;35 599;89 822;43 257;66 289;110 507;154 437;158 518
zboże siewne;t;—;—;—;—;—;—;47 437;47 609;40 000;47 812;65 029;71 042;117 559;124 403;160 547;194 438;176 635;219 275;248 006;298 799;365 937;448 843;463 353;550 346;583 259;574 779;575 317;607 732;548 936;562 437;600 144;567 675;557 107;485 534;452 798;437 060;438 406;497 581;499 475;486 146;460 987;283 167;196 447;177 208;158 936;168 836;195 154;234 483;223 692;184 259
od gospodarstw państwowych;t;—;—;—;—;—;—;40 831;39 514;33 000;43 675;59 996;67 753;115 631;121 566;157 065;189 166;170 110;212 265;238 399;287 563;353 057;430 828;444 963;528 124;556 234;549 098;551 088;574 587;513 998;518 719;542 742;503 909;488 954;416 583;385 812;370 179;380 296;424 285;418 184;391 347;363 719;200 543;128 995;114 745;78 746;70 608;50 547;53 254;40 972;31 435
od spółdzielni produkcji rolniczej;t;.;.;.;.;.;.;.;.;.;.;.;.;.;.;.;.;.;.;.;.;.;.;.;.;.;.;.;.;.;.;.;58 565;62 832;55 405;54 977;54 078;44 670;54 420;57 252;59 961;61 093;39 171;27 984;24 491;20 970;17 942;24 473;23 198;18 910;17 857
od spółdzielni produkcyjnych;t;—;—;—;—;—;—;—;—;—;569;625;1050;1051;1168;2595;3083;4337;5696;7671;8840;10 387;15 441;16 325;19 720;23 609;23 974;22 120;26 915;27 332;34 090;44 302;50 872;56 814;51 594;51 719;50 721;41 936;51 468;52 411;56 082;55 764;35 620;27 634;.;.;.;.;.;.;.
od kółek rolniczych;t;—;—;—;—;—;—;—;—;—;—;—;—;—;—;—;—;—;—;—;—;—;—;—;—;—;—;—;5174;5175;6774;7217;7693;6018;3811;3258;3357;2734;2952;4841;3879;5329;3551;350;.;.;.;.;.;.;.
od gospodarstw indywidualnych;t;—;—;—;—;—;—;6606;8095;7000;3568;4408;2239;877;1669;887;2189;2188;1314;1936;2396;2493;2574;2065;2502;3416;1707;2109;1056;2431;2854;5883;5201;5321;13 546;12 009;12 803;13 440;18 876;24 039;34 838;36 175;43 453;39 468;37 972;59 220;80 093;120 134;157 951;149 598;118 464
od pozostałych form własności;t;.;.;.;.;.;.;.;.;.;.;.;.;.;.;.;.;.;.;.;.;.;.;.;.;.;.;.;.;.;.;.;.;.;.;.;.;.;.;.;.;.;.;.;.;.;193;—;80;14 212;16 503
zboże podstawowe;t;—;—;—;—;—;—;47 200;46 542;38 900;46 490;64 145;70 279;116 739;122 887;160 064;192 917;174 380;217 905;245 638;295 058;362 422;445 162;459 981;547 588;580 482;573 455;574 100;606 793;546 445;557 113;587 794;557 896;547 034;472 041;445 432;429 657;430 094;485 655;489 887;474 874;451 033;276 252;187 993;172 480;149 371;165 107;186 916;229 334;216 617;182 188
pszenica;t;—;—;—;—;—;—;10 801;11 781;9900;9716;11 342;14 518;24 586;24 414;49 361;62 033;58 522;66 591;78 291;97 440;115 484;123 824;134 746;157 421;174 319;177 705;175 111;204 329;174 981;169 470;170 880;157 804;161 491;123 205;130 687;133 200;151 243;181 887;179 023;183 259;158 357;93 539;76 009;83 457;59 873;67 555;74 029;95 092;89 394;93 059
żyto;t;—;—;—;—;—;—;26 211;20 908;18 300;24 114;25 848;36 214;39 591;43 268;47 953;58 642;52 820;69 774;76 808;92 247;127 651;171 003;167 810;197 479;198 102;185 376;152 769;178 658;161 952;159 978;170 243;164 455;151 442;132 464;110 597;103 379;87 463;78 661;73 392;64 402;73 200;40 506;16 971;22 051;21 798;24 762;33 882;36 754;33 108;25 713
jęczmień;t;—;—;—;—;—;—;2514;3116;2400;4287;13 594;4278;30 279;35 932;38 207;44 925;41 007;46 967;49 712;52 450;57 038;63 765;73 717;93 447;120 900;121 769;141 833;139 638;125 575;154 389;169 593;170 967;146 587;148 765;130 332;120 006;114 615;121 623;123 493;111 392;98 791;71 358;50 439;36 152;40 400;37 085;40 932;49 325;53 963;33 991
owies i mieszanki zbożowe;t;—;—;—;—;—;—;7674;10 737;8300;8373;13 361;15 269;22 283;19 273;24 543;27 317;22 031;34 573;40 827;52 921;62 249;86 570;83 708;99 241;87 161;88 605;104 387;84 168;83 937;73 276;77 078;64 670;87 514;67 607;73 816;73 072;72 765;69 283;64 126;68 216;67 057;39 690;31 992;18 477;16 608;16 780;19 124;24 069;20 114;10 374
pszenżyto;t;—;—;—;—;—;—;—;—;—;—;—;—;—;—;—;—;—;—;—;—;—;—;—;—;—;—;—;—;—;—;—;—;—;—;—;—;4008;34 201;49 853;47 605;53 628;31 159;12 582;12 343;10 692;18 925;18 949;24 094;20 038;19 051
pozostałe zboża;t;—;—;—;—;—;—;237;1067;1100;1322;884;763;820;1516;483;1521;2255;1370;2368;3741;3515;3681;3372;2758;2777;1324;1217;939;2491;5324;12 350;9779;10 073;13 493;7366;7403;8312;11 926;9588;11 272;9954;6915;8454;4728;9565;3729;8238;5149;7075;2071
Skup strączkowych jadalnych;t;—;—;—;—;—;—;—;—;—;—;11 277;7181;13 251;19 722;29 627;33 445;55 535;56 945;47 506;33 684;28 510;28 562;39 938;31 925;35 474;25 316;34 327;32 640;36 181;61 257;83 495;66 263;41 398;32 345;46 106;53 324;42 801;41 047;29 125;38 488;40 793;42 112;28 376;18 547;10 698;7067;6743;7112;6552;6151
od gospodarstw państwowych;t;—;—;—;—;—;—;—;—;—;—;4876;2280;4553;7857;12 330;10 550;10 262;14 052;11 284;11 086;9174;8465;11 838;6840;8100;7289;12 239;12 096;10 833;11 133;11 994;7609;5074;7201;11 415;9426;9952;8114;6059;7528;6784;7566;5256;2518;1807;1533;833;1805;978;557
od spółdzielni produkcji rolniczej;t;.;.;.;.;.;.;.;.;.;.;.;.;.;.;.;.;.;.;.;.;.;.;.;.;.;.;.;.;.;.;.;3564;4016;2056;2881;2749;1477;2037;1189;2621;3288;2243;1364;1165;1133;571;299;598;591;277
od spółdzielni produkcyjnych;t;—;—;—;—;—;—;—;—;—;—;363;449;972;1579;1970;2012;2065;3526;2578;3010;2454;2815;3518;1992;3038;2342;2694;2654;3043;4850;4509;3470;3972;2030;2881;2640;1465;2037;1189;2571;3283;2223;1363;.;.;.;.;.;.;.
od kółek rolniczych;t;—;—;—;—;—;—;—;—;—;—;—;—;—;—;—;—;800;—;—;—;—;400;300;—;—;200;200;34;57;210;139;94;44;26;—;109;12;—;—;50;5;20;1;.;.;.;.;.;.;.
od gospodarstw indywidualnych;t;—;—;—;—;—;—;—;—;—;—;6038;4452;7726;10 286;15 327;20 883;42 408;39 367;33 644;19 588;16 882;16 882;24 282;23 093;24 336;15 485;19 194;17 856;22 248;45 064;66 853;55 090;32 308;23 088;31 810;41 149;31 372;30 896;21 877;28 339;30 721;32 303;21 756;14 864;7758;4963;5611;4709;4271;4909
od pozostałych form własności;t;.;.;.;.;.;.;.;.;.;.;.;.;.;.;.;.;.;.;.;.;.;.;.;.;.;.;.;.;.;.;.;.;.;.;.;.;.;.;.;.;.;.;.;.;.;—;—;—;712;408
konsumpcyjnych;t;—;—;24 200;19 800;21 400;25 100;36 460;34 543;16 150;5524;9848;6058;10 690;15 850;21 793;25 933;47 826;45 800;38 104;24 811;18 338;18 091;26 908;25 659;27 805;17 914;17 485;16 888;21 534;43 969;64 654;54 512;29 424;14 665;25 228;33 090;23 836;22 541;17 176;21 850;21 898;20 832;14 567;13 772;7904;5275;5494;5666;5485;5331
od gospodarstw państwowych;t;—;—;—;—;—;—;4499;4069;2377;513;4213;1515;2668;4983;6481;5342;5516;6958;4721;4642;2397;2085;3346;2725;2644;2103;2374;3208;2696;3127;3373;2260;1066;2040;4362;3478;2428;1470;1068;2146;1315;1249;1147;1554;870;742;489;1497;733;507
od spółdzielni produkcji rolniczej;t;.;.;.;.;.;.;.;.;.;.;.;.;.;.;.;.;.;.;.;.;.;.;.;.;.;.;.;.;.;.;.;2142;2534;433;1293;1609;599;648;378;764;590;238;229;564;618;163;60;448;417;139
od spółdzielni produkcyjnych;t;—;—;—;—;—;—;4415;4448;1785;70;34;257;549;1179;1149;1264;1321;2322;1596;1913;1260;1344;1978;1350;2322;1747;1632;1491;1832;2816;2447;2065;2521;433;1293;1500;588;648;378;762;590;238;228;.;.;.;.;.;.;.
od kółek rolniczych;t;—;—;—;—;—;—;—;—;—;—;—;—;—;—;—;—;800;—;—;—;—;400;300;—;—;200;200;20;30;183;128;77;13;—;—;109;11;—;—;2;—;—;1;.;.;.;.;.;.;.
od gospodarstw indywidualnych;t;—;—;—;—;—;—;27 546;26 026;11 988;4941;5601;4286;7473;9688;14 163;19 327;40 189;36 520;31 787;18 256;14 681;14 262;21 284;21 584;22 839;13 864;13 279;12 169;16 976;37 843;58 706;50 110;25 824;12 192;19 573;28 003;20 809;20 423;15 730;18 940;19 993;19 345;13 191;11 654;6416;4370;4945;3721;3710;4453
od pozostałych form własności;t;.;.;.;.;.;.;.;.;.;.;.;.;.;.;.;.;.;.;.;.;.;.;.;.;.;.;.;.;.;.;.;.;.;.;.;.;.;.;.;.;.;.;.;.;.;—;—;—;625;232
siewnych;t;—;—;—;—;—;—;—;—;—;—;1429;1123;2561;3872;7834;7512;7709;11 145;9402;8873;10 172;10 471;13 030;6266;7669;7402;16 842;15 752;14 647;17 288;18 841;11 751;11 974;17 680;20 878;20 234;18 965;18 506;11 949;16 638;18 895;21 280;13 809;4775;2794;1792;1249;1446;1067;820
od gospodarstw państwowych;t;—;—;—;—;—;—;—;—;—;—;663;765;1885;2874;5849;5208;4746;7094;6563;6444;6777;6380;8492;4115;5456;5186;9865;8888;8137;8006;8621;5349;4008;5161;7053;5948;7524;6644;4991;5382;5469;6317;4109;964;937;791;344;308;245;50
od spółdzielni produkcji rolniczej;t;.;.;.;.;.;.;.;.;.;.;.;.;.;.;.;.;.;.;.;.;.;.;.;.;.;.;.;.;.;.;.;1422;1482;1623;1588;1140;878;1389;811;1857;2698;2005;1135;601;515;408;239;150;174;138
od spółdzielni produkcyjnych;t;—;—;—;—;—;—;—;—;—;—;329;192;423;400;821;748;744;1204;982;1097;1194;1471;1540;642;716;595;1062;1163;1211;2034;2062;1405;1451;1597;1588;1140;877;1389;811;1809;2693;1985;1135;.;.;.;.;.;.;.
od kółek rolniczych;t;—;—;—;—;—;—;—;—;—;—;—;—;—;—;—;—;—;—;—;—;—;—;—;—;—;—;—;14;27;27;11;17;31;26;—;—;1;—;—;48;5;20;—;.;.;.;.;.;.;.
od gospodarstw indywidualnych;t;—;—;—;—;—;—;—;—;—;—;437;166;253;598;1164;1556;2219;2847;1857;1332;2201;2620;2998;1509;1497;1621;5915;5687;5272;7221;8147;4980;6484;10 896;12 237;13 146;10 563;10 473;6147;9399;10 728;12 958;8565;3210;1342;593;666;988;561;456
od pozostałych form własności;t;.;.;.;.;.;.;.;.;.;.;.;.;.;.;.;.;.;.;.;.;.;.;.;.;.;.;.;.;.;.;.;.;.;.;.;.;.;.;.;.;.;.;.;.;.;—;—;—;87;176
Skup ziemniaków;t;—;2 704 300;2 432 200;2 833 000;3 420 900;3 285 000;2 758 159;2 843 557;2 973 977;3 033 672;3 359 338;3 471 760;4 188 253;3 971 574;4 896 421;5 738 525;4 867 351;5 279 226;5 145 867;5 453 995;4 256 899;5 407 467;4 130 597;4 461 755;5 221 823;6 004 173;5 143 581;5 741 034;5 474 443;6 085 477;7 146 780;3 420 460;4 440 790;3 126 786;4 173 002;4 366 507;4 765 753;4 963 938;4 474 907;4 723 331;4 810 437;3 512 744;1 547 677;1 118 079;1 556 344;882 591;731 278;1 646 015;963 175;1 214 295
od gospodarstw państwowych;t;—;—;—;—;—;—;19 179;37 115;80 560;236 130;330 854;565 827;566 039;665 772;709 527;988 827;940 970;970 730;1 009 897;1 046 244;859 028;1 134 041;1 022 589;1 194 479;1 094 424;1 560 174;1 236 206;1 074 126;1 364 425;1 033 277;1 209 551;931 248;739 960;605 460;754 434;811 517;962 307;1 057 096;1 168 524;1 063 240;981 290;1 099 420;477 734;108 195;151 777;62 102;38 781;42 829;33 404;24 326
od spółdzielni produkcji rolniczej;t;.;.;.;.;.;.;.;.;.;.;.;.;.;.;.;.;.;.;.;.;.;.;.;.;.;.;.;.;.;.;.;144 147;161 366;87 771;159 779;153 109;170 881;151 082;124 648;127 289;123 549;77 476;36 971;22 716;32 177;10 561;3556;31 570;8570;8536
od spółdzielni produkcyjnych;t;—;—;—;—;—;—;165 534;162 654;40 071;15 292;21 510;26 611;32 347;33 453;37 792;51 079;48 708;55 115;57 984;62 108;58 845;70 062;67 186;72 725;83 395;104 193;91 137;106 755;128 662;141 350;184 970;120 917;142 434;78 368;145 331;142 564;160 716;142 291;118 599;121 679;118 005;73 185;35 762;.;.;.;.;.;.;.
od kółek rolniczych;t;—;—;—;—;—;—;—;—;—;—;—;—;—;—;—;—;22 000;—;—;—;—;15 000;19 000;20 000;20 000;22 000;26 000;24 684;53 086;51 079;60 725;23 230;18 932;9403;14 448;10 545;10 165;8791;6049;5610;5544;4291;1209;.;.;.;.;.;.;.
od gospodarstw indywidualnych;t;—;—;—;—;—;—;2 573 446;2 643 788;2 853 346;2 782 250;3 006 974;2 879 322;3 589 867;3 272 349;4 149 102;4 698 619;3 855 673;4 253 381;4 077 986;4 345 643;3 339 026;4 188 364;3 021 822;3 174 551;4 024 004;4 317 806;3 790 238;4 535 469;3 928 270;4 859 771;5 691 534;2 345 065;3 539 464;2 433 555;3 258 789;3 401 881;3 632 565;3 755 760;3 181 735;3 532 802;3 705 598;2 335 848;1 032 972;987 168;1 372 390;809 905;688 941;1 571 616;828 411;1 124 434
od pozostałych form własności;t;.;.;.;.;.;.;.;.;.;.;.;.;.;.;.;.;.;.;.;.;.;.;.;.;.;.;.;.;.;.;.;.;.;.;.;.;.;.;.;.;.;.;.;.;.;23;—;—;92 790;56 999
Skup buraków cukrowych;t;—;—;—;—;6 880 700;6 950 000;7 286 085;6 427 927;7 620 967;8 427 344;5 974 781;10 262 261;11 554 592;9 651 933;10 661 429;12 573 912;12 314 189;13 620 418;15 521 181;14 799 966;11 320 958;12 742 187;12 557 623;14 341 143;13 664 401;12 970 977;15 170 475;15 106 801;15 640 109;15 706 549;14 153 586;10 138 960;15 867 210;15 085 414;16 364 304;16 048 310;14 663 780;14 217 460;13 988 965;14 067 885;14 373 618;16 720 939;11 381 218;10 988 881;15 614 187;11 573 206;13 304 404;17 823 648;15 880 422;15 165 327
od gospodarstw państwowych;t;—;—;—;—;—;—;900 220;794 310;969 633;974 151;591 049;1 394 546;1 391 296;1 085 599;1 313 760;1 663 256;1 322 477;1 507 447;1 682 239;1 578 356;1 047 086;1 296 567;1 288 279;1 795 305;1 901 306;2 305 119;2 520 350;2 563 961;2 996 782;3 099 507;2 648 036;1 966 513;2 509 772;2 115 738;2 223 708;2 351 403;2 221 559;2 033 926;2 177 555;1 910 877;1 937 219;2 165 883;1 541 103;1 211 062;1 494 698;718 578;680 175;828 439;905 087;806 405
od spółdzielni produkcji rolniczej;t;.;.;.;.;.;.;.;.;.;.;.;.;.;.;.;.;.;.;.;.;.;.;.;.;.;.;.;.;.;.;.;350 336;521 499;499 800;505 821;518 390;490 054;438 606;471 789;410 425;412 040;485 005;367 545;305 981;516 354;333 165;408 524;559 469;503 489;487 192
od spółdzielni produkcyjnych;t;—;—;—;—;—;—;1 020 416;821 970;152 621;143 222;75 182;193 350;198 382;159 307;186 428;211 449;190 111;239 125;275 513;270 470;194 476;234 329;226 278;284 857;281 763;293 694;302 517;305 775;411 505;469 049;402 096;334 353;507 839;490 428;498 067;510 592;482 286;434 226;465 864;404 779;407 873;476 037;362 944;.;.;.;.;.;.;.
od kółek rolniczych;t;—;—;—;—;—;—;—;—;—;—;—;—;—;—;—;—;22 000;—;—;—;—;8000;7000;10 000;10 000;12 000;22 000;29 560;57 182;56 602;31 032;15 983;13 660;9372;7754;7798;7768;4380;5925;5646;4167;8968;4601;.;.;.;.;.;.;.
od gospodarstw indywidualnych;t;—;—;—;—;—;—;5 365 449;4 811 647;6 498 713;7 309 971;5 308 550;8 674 365;9 964 914;8 407 027;9 161 241;10 699 207;10 779 601;11 873 846;13 563 429;12 951 140;10 079 396;11 203 291;11 036 066;12 250 981;11 471 332;10 360 164;12 325 608;12 207 505;12 174 640;12 081 391;11 072 422;7 822 111;12 835 939;12 469 876;13 634 775;13 178 517;11 952 167;11 744 928;11 339 621;11 746 583;12 024 359;14 070 051;9 472 570;9 471 838;13 603 135;10 509 922;12 211 051;16 430 178;13 174 009;12 503 779
od pozostałych form własności;t;.;.;.;.;.;.;.;.;.;.;.;.;.;.;.;.;.;.;.;.;.;.;.;.;.;.;.;.;.;.;.;.;.;.;.;.;.;.;.;.;.;.;.;.;.;11 541;4654;5562;1 297 837;1 367 951
Skup rzepaku i rzepiku;t;—;—;—;—;44 800;60 400;106 885;55 892;77 807;55 200;110 075;111 370;212 627;300 531;181 218;204 165;422 018;361 008;616 232;680 741;192 635;522 550;544 365;394 152;486 159;497 222;708 181;957 579;681 353;690 911;235 568;572 800;487 826;426 047;551 929;958 004;1 074 076;1 317 717;1 216 430;1 158 610;1 463 066;1 013 371;746 948;606 768;507 618;609 078;1 222 270;392 640;546 990;1 058 279
od gospodarstw państwowych;t;—;—;—;—;—;—;62 766;30 466;48 068;36 505;84 181;70 862;100 934;99 545;71 183;86 496;178 330;146 133;222 753;232 298;90 876;213 169;223 308;185 613;241 448;293 848;395 792;425 253;326 966;368 721;153 739;376 581;358 433;275 535;378 951;579 905;641 340;741 966;676 216;660 976;776 601;651 886;484 455;390 548;283 770;225 968;215 756;63 217;87 777;157 348
od spółdzielni produkcji rolniczej;t;.;.;.;.;.;.;.;.;.;.;.;.;.;.;.;.;.;.;.;.;.;.;.;.;.;.;.;.;.;.;.;65 696;51 093;39 079;53 410;87 707;95 835;114 870;111 530;106 437;140 758;100 825;84 357;67 954;63 718;69 539;106 185;43 477;47 883;99 788
od spółdzielni produkcyjnych;t;—;—;—;—;—;—;21 886;9739;3145;1771;1280;1581;2731;3336;1319;2370;11 325;7011;10 399;15 666;8043;17 775;18 166;15 136;20 098;25 980;41 185;56 326;49 397;55 145;25 827;54 986;45 470;36 542;50 345;83 870;91 693;110 155;107 108;102 180;134 703;96 592;82 741;.;.;.;.;.;.;.
od kółek rolniczych;t;—;—;—;—;—;—;—;—;—;—;—;—;—;—;—;—;3200;—;—;—;—;3400;2800;2500;2400;3000;13 400;16 547;14 303;15 874;6271;10 710;5623;2537;3065;3837;4142;4715;4422;4257;6055;4233;1616;.;.;.;.;.;.;.
od gospodarstw indywidualnych;t;—;—;—;—;—;—;22 233;15 687;26 594;16 924;24 614;38 927;108 962;197 650;108 716;115 299;229 163;207 864;383 080;432 777;93 716;288 206;300 091;190 903;222 213;174 394;257 804;459 453;290 687;251 171;49 731;130 523;78 300;111 433;119 568;290 392;336 901;460 881;428 684;391 197;545 707;260 660;178 136;148 266;160 130;311 586;898 907;285 946;263 151;532 919
od pozostałych form własności;t;.;.;.;.;.;.;.;.;.;.;.;.;.;.;.;.;.;.;.;.;.;.;.;.;.;.;.;.;.;.;.;.;.;.;.;.;.;.;.;.;.;.;.;.;.;1985;1422;—;148 179;268 224
Skup warzyw;t;—;303 200;332 900;438 700;552 700;548 400;613 367;583 337;446 040;459 605;475 796;521 480;543 155;519 893;702 255;765 279;659 644;772 537;786 769;776 463;827 205;957 601;815 597;1 021 260;1 070 556;865 801;1 187 703;1 075 694;1 084 320;1 290 637;1 362 211;995 537;1 319 619;1 085 709;1 131 093;1 106 091;1 099 583;1 281 366;1 374 379;1 303 702;935 199;733 120;566 417;322 238;334 236;340 575;395 889;351 401;408 122;519 594
od gospodarstw państwowych;t;—;—;—;—;—;—;134 912;94 545;45 571;33 655;25 352;65 207;41 408;42 109;44 514;52 644;57 787;57 393;62 071;46 475;40 441;41 512;37 306;45 424;56 262;59 586;74 642;89 345;92 194;111 814;103 400;85 512;89 823;68 682;60 495;56 128;71 310;53 527;57 436;51 876;45 249;35 531;30 201;19 355;25 218;12 603;6232;6641;6313;7068
od spółdzielni produkcji rolniczej;t;.;.;.;.;.;.;.;.;.;.;.;.;.;.;.;.;.;.;.;.;.;.;.;.;.;.;.;.;.;.;.;11 511;11 896;7404;9123;7860;7479;9699;11 776;9869;9025;7711;8006;7443;16 319;8228;7042;8985;7664;9546
od spółdzielni produkcyjnych;t;—;—;—;—;—;—;22 598;15 214;2660;1816;1454;1043;810;1056;1758;1830;1478;2331;2630;2285;1725;1927;1851;2435;2893;2227;4225;5247;7725;11 242;11 936;10 933;10 432;7243;8864;7635;7242;9529;11 630;9416;8609;7477;8003;.;.;.;.;.;.;.
od kółek rolniczych;t;—;—;—;—;—;—;—;—;—;—;—;—;—;—;—;—;2100;—;—;—;—;2000;2100;2600;3300;2400;2700;741;639;709;809;578;1464;161;259;225;237;170;146;453;416;234;3;.;.;.;.;.;.;.
od gospodarstw indywidualnych;t;—;—;—;—;—;—;455 857;473 578;397 809;424 134;448 990;455 230;500 937;476 728;655 983;710 805;598 279;712 813;722 068;727 703;785 039;912 162;774 340;970 801;1 008 101;801 588;1 106 136;980 361;983 762;1 166 872;1 246 066;898 514;1 217 900;1 009 623;1 061 475;1 042 103;1 020 794;1 218 140;1 305 167;1 241 957;880 925;689 878;528 210;295 440;292 699;319 744;382 615;335 684;388 035;495 179
od pozostałych form własności;t;.;.;.;.;.;.;.;.;.;.;.;.;.;.;.;.;.;.;.;.;.;.;.;.;.;.;.;.;.;.;.;.;.;.;.;.;.;.;.;.;.;.;.;.;.;—;—;91;6110;7801
Skup owoców;t;—;88 300;208 500;91 200;219 900;221 200;229 338;346 647;271 434;490 116;317 396;585 071;302 186;239 111;413 780;629 377;324 797;589 786;433 146;527 681;505 627;515 605;456 351;511 437;680 545;618 653;716 888;987 965;733 476;876 304;975 336;702 779;586 772;1 717 707;1 508 492;1 244 042;1 293 659;1 625 551;768 014;1 353 350;1 162 008;836 900;655 766;788 330;811 551;600 165;581 966;702 731;906 393;625 455
od gospodarstw państwowych;t;—;—;—;—;—;—;5860;11 068;2728;6710;3513;31 774;6141;5776;10 613;19 855;14 940;24 788;25 245;21 199;23 076;28 382;27 369;24 864;25 914;28 262;41 637;59 116;42 880;42 618;84 170;68 706;70 959;99 933;157 500;82 072;85 855;85 714;48 206;54 148;60 598;32 887;28 779;35 880;44 386;25 236;12 950;9989;13 604;7325
od spółdzielni produkcji rolniczej;t;.;.;.;.;.;.;.;.;.;.;.;.;.;.;.;.;.;.;.;.;.;.;.;.;.;.;.;.;.;.;.;2195;1385;3280;7892;4311;2034;3387;1414;2261;2059;1433;1648;13 193;5513;4374;5032;9834;4878;9044
od spółdzielni produkcyjnych;t;—;—;—;—;—;—;274;1612;45;387;181;255;150;64;395;3816;770;385;437;929;371;324;208;204;397;255;533;795;1008;1400;1923;1982;1303;3191;7623;3992;1898;2783;1341;2124;1989;1263;1466;.;.;.;.;.;.;.
od kółek rolniczych;t;—;—;—;—;—;—;—;—;—;—;—;—;—;—;—;—;400;—;—;—;—;1100;400;400;500;500;300;83;100;31;101;213;82;89;269;319;136;604;73;137;70;170;182;.;.;.;.;.;.;.
od gospodarstw indywidualnych;t;—;—;—;—;—;—;223 204;333 967;268 661;483 019;313 702;553 042;295 895;233 271;402 772;605 706;308 687;564 613;407 464;505 553;482 180;485 799;428 374;485 969;653 734;589 636;674 418;927 971;689 488;832 255;889 142;631 878;514 428;1 614 494;1 343 100;1 157 659;1 205 770;1 536 450;718 394;1 296 941;1 099 351;802 580;625 339;739 257;761 652;567 544;563 984;682 846;883 960;606 539
od pozostałych form własności;t;.;.;.;.;.;.;.;.;.;.;.;.;.;.;.;.;.;.;.;.;.;.;.;.;.;.;.;.;.;.;.;.;.;.;.;.;.;.;.;.;.;.;.;.;.;3011;—;62;3951;2547
Skup siana łąkowego;t;—;—;261 200;256 500;160 300;193 800;259 009;209 973;183 893;145 750;111 172;104 175;120 301;83 370;91 719;85 218;113 324;68 376;95 374;114 915;111 710;111 168;120 281;81 683;91 755;95 819;108 008;82 831;86 019;82 586;95 760;73 224;47 010;29 925;23 647;18 486;16 854;18 108;18 673;14 234;10 394;3756;1635;1002;675;1983;1754;1170;1290;1836
od gospodarstw państwowych;t;—;—;—;—;—;—;381;271;398;653;557;509;186;142;91;173;229;59;523;1232;607;130;4;7;—;23;—;42;3;28;—;—;—;8;38;—;—;1;—;—;—;21;.;295;155;563;119;7;2;2
od spółdzielni produkcji rolniczej;t;.;.;.;.;.;.;.;.;.;.;.;.;.;.;.;.;.;.;.;.;.;.;.;.;.;.;.;.;.;.;.;25;13;—;11;—;—;—;—;—;—;45;6;24;7;399;53;29;—;430
od spółdzielni produkcyjnych;t;—;—;—;—;—;—;1239;854;292;148;116;9;12;29;30;69;1;4;114;58;—;23;—;—;—;1;2;20;51;124;—;25;13;—;—;—;—;—;—;—;—;45;6;.;.;.;.;.;.;.
od kółek rolniczych;t;—;—;—;—;—;—;—;—;—;—;—;—;—;—;—;—;3000;—;—;—;—;3500;3500;3200;3800;900;—;—;12;—;—;—;—;—;11;—;—;—;—;—;—;—;—;.;.;.;.;.;.;.
od gospodarstw indywidualnych;t;—;—;—;—;—;—;257 389;208 848;183 203;144 949;110 499;103 657;120 103;83 199;91 598;84 976;110 094;68 313;94 737;113 625;111 103;107 515;116 777;78 476;87 955;94 895;108 006;82 769;85 953;82 434;95 760;73 199;46 997;29 917;23 598;18 486;16 854;18 107;18 673;14 234;10 394;3690;1629;683;513;1021;1582;1134;1105;1095
od pozostałych form własności;t;.;.;.;.;.;.;.;.;.;.;.;.;.;.;.;.;.;.;.;.;.;.;.;.;.;.;.;.;.;.;.;.;.;.;.;.;.;.;.;.;.;.;.;.;.;—;—;—;183;309
Skup słomy zbóż podstawowych;t;—;—;—;—;248 300;254 000;346 806;246 918;205 828;165 576;161 420;142 854;195 388;175 699;174 884;143 108;173 709;157 243;181 397;201 765;249 291;199 966;202 735;183 460;199 440;192 942;189 998;166 110;166 561;171 514;121 176;125 275;85 077;50 027;36 463;34 969;31 426;30 752;30 165;23 781;16 037;5811;2735;1433;1627;5912;1958;1946;17 742;65 863
od gospodarstw państwowych;t;—;—;—;—;—;—;3957;1018;1445;2924;2192;1217;1422;202;773;1324;610;103;213;376;553;76;34;21;10;—;2;185;979;231;262;458;20;2;16;—;—;2;2;—;1;13;337;727;604;2466;107;11;1202;1984
od spółdzielni produkcji rolniczej;t;.;.;.;.;.;.;.;.;.;.;.;.;.;.;.;.;.;.;.;.;.;.;.;.;.;.;.;.;.;.;.;515;117;49;84;16;—;11;16;—;42;63;370;124;132;940;—;40;5861;20 578
od spółdzielni produkcyjnych;t;—;—;—;—;—;—;17 228;11 050;1212;512;894;69;262;226;652;494;205;216;375;1100;875;1157;412;530;134;—;8;136;384;156;87;305;61;1;81;11;—;11;16;—;42;63;370;.;.;.;.;.;.;.
od kółek rolniczych;t;—;—;—;—;—;—;—;—;—;—;—;—;—;—;—;—;—;—;—;—;—;—;—;—;—;—;—;151;155;67;118;210;56;48;3;5;—;—;—;—;—;—;—;.;.;.;.;.;.;.
od gospodarstw indywidualnych;t;—;—;—;—;—;—;325 621;234 850;203 171;162 140;158 334;141 568;193 704;175 271;173 459;141 290;172 894;156 924;180 809;200 289;247 863;198 733;202 289;182 909;199 296;192 942;189 988;165 638;165 043;171 060;120 709;124 302;84 940;49 976;36 363;34 953;31 426;30 739;30 147;23 781;15 994;5735;2028;582;891;2506;1851;1895;10 664;43 301
od pozostałych form własności;t;.;.;.;.;.;.;.;.;.;.;.;.;.;.;.;.;.;.;.;.;.;.;.;.;.;.;.;.;.;.;.;.;.;.;.;.;.;.;.;.;.;.;.;.;.;—;—;—;15;—
Skup żywca rzeźnego;t;—;1 193 646;903 213;832 457;1 005 462;931 500;947 882;1 167 761;1 306 269;1 598 397;1 532 768;1 562 375;1 764 114;1 820 648;1 697 065;1 723 058;1 866 603;2 018 059;2 095 840;2 118 159;2 244 009;2 215 284;2 329 861;2 725 107;3 077 303;3 561 546;3 604 694;3 446 291;3 414 460;3 748 644;3 957 689;3 796 536;2 819 031;2 895 636;2 722 838;2 770 392;3 088 868;3 493 762;3 444 520;3 447 381;3 030 676;2 578 562;2 226 544;2 019 313;1 777 829;1 624 806;1 853 837;2 000 367;2 227 057;2 543 474
od gospodarstw państwowych;t;—;—;—;—;—;—;124 741;141 768;144 923;145 188;116 336;132 016;182 384;198 209;209 297;217 022;256 417;282 452;298 602;322 808;366 974;359 989;426 465;495 619;591 163;697 138;770 549;801 754;837 134;932 721;940 791;950 751;774 816;707 098;710 556;707 847;705 552;751 461;782 712;800 787;721 248;602 725;468 614;315 040;220 099;124 067;98 642;90 459;75 735;62 533
od spółdzielni produkcji rolniczej;t;.;.;.;.;.;.;.;.;.;.;.;.;.;.;.;.;.;.;.;.;.;.;.;.;.;.;.;.;.;.;.;448 706;373 688;184 778;175 468;181 966;183 570;196 485;194 513;196 741;188 255;144 198;121 694;107 611;86 661;78 816;85 839;87 897;99 614;89 440
od spółdzielni produkcyjnych;t;—;—;—;—;—;—;24 013;35 524;5347;2605;2062;2011;2650;2378;3450;5023;9300;14 237;19 753;23 343;27 886;34 722;40 116;55 098;73 704;108 096;145 909;169 578;206 799;269 939;313 108;343 887;316 675;158 908;157 037;166 189;168 635;182 566;181 556;186 030;179 118;139 225;112 969;.;.;.;.;.;.;.
od kółek rolniczych;t;—;—;—;—;—;—;—;—;—;—;—;—;—;—;—;—;900;—;—;—;—;2000;2800;6200;15 500;52 200;111 400;122 580;156 035;187 373;138 483;104 819;57 013;25 870;18 431;15 777;14 935;13 919;12 957;10 711;9137;4973;8725;.;.;.;.;.;.;.
od gospodarstw indywidualnych;t;—;—;—;—;—;—;799 128;990 469;1 155 999;1 450 604;1 414 370;1 428 348;1 579 080;1 620 061;1 484 318;1 501 013;1 599 986;1 721 370;1 777 485;1 772 008;1 849 149;1 818 573;1 860 480;2 168 190;2 396 936;2 704 112;2 576 836;2 352 379;2 214 492;2 358 611;2 565 307;2 397 079;1 670 527;2 003 760;1 836 814;1 880 579;2 199 746;2 545 816;2 467 295;2 449 853;2 121 173;1 831 639;1 636 236;1 596 662;1 471 069;1 420 172;1 668 598;1 820 072;1 979 577;2 297 610
od pozostałych form własności;t;.;.;.;.;.;.;.;.;.;.;.;.;.;.;.;.;.;.;.;.;.;.;.;.;.;.;.;.;.;.;.;.;.;.;.;.;.;.;.;.;.;.;.;.;.;1751;758;1939;72 131;93 891
bydło (bez cieląt);t;—;303 885;223 758;209 756;221 426;190 507;197 307;285 576;275 300;348 909;404 824;418 643;448 740;548 796;649 640;695 318;600 236;636 515;748 706;818 604;865 001;835 426;825 159;793 530;857 010;1 129 682;1 240 666;1 352 402;1 270 492;1 265 801;1 359 375;1 281 934;899 745;1 183 499;1 132 476;1 206 094;1 287 817;1 342 679;1 316 573;1 261 820;1 042 565;964 732;691 685;446 779;366 635;367 257;346 914;370 406;458 194;497 362
od gospodarstw państwowych;t;—;18 255;18 237;15 063;22 027;19 054;24 504;27 977;28 941;30 863;31 527;36 065;54 185;75 185;88 263;94 214;105 869;126 858;141 525;162 575;194 605;178 316;224 370;244 167;286 934;354 227;380 090;409 924;418 851;423 516;420 968;421 092;323 269;328 006;302 458;296 089;262 227;253 394;252 494;244 260;216 192;189 345;138 571;73 429;52 990;28 927;17 440;13 028;10 908;11 826
od spółdzielni produkcji rolniczej;t;.;.;.;.;.;.;.;.;.;.;.;.;.;.;.;.;.;.;.;.;.;.;.;.;.;.;.;.;.;.;.;91 612;63 919;60 865;55 949;52 123;43 997;40 738;39 176;38 583;31 713;25 084;15 907;10 955;8532;8356;7386;7110;8774;8105
od spółdzielni produkcyjnych;t;—;—;613;1162;3126;4484;6169;10 406;1804;778;524;493;691;679;1296;1823;2725;3824;6211;7520;9869;11 171;12 807;16 641;22 618;32 577;39 053;46 751;50 432;56 694;61 231;68 779;52 696;54 609;51 255;48 958;42 296;39 695;38 202;37 998;31 304;24 817;15 249;.;.;.;.;.;.;.
od kółek rolniczych;t;—;—;—;—;—;—;—;—;—;—;—;—;—;—;—;—;600;—;—;—;—;1100;1300;2100;4400;9500;15 600;26 524;39 199;39 596;30 935;22 833;11 223;6256;4694;3165;1701;1043;974;585;409;267;658;.;.;.;.;.;.;.
od gospodarstw indywidualnych;t;—;285 630;204 908;193 531;196 273;166 969;166 634;247 193;244 555;317 268;372 773;382 085;393 864;472 932;560 081;599 281;491 042;505 833;600 970;648 509;660 527;644 839;586 682;530 622;543 058;733 378;805 923;869 203;762 010;745 995;846 241;769 230;512 557;794 628;774 069;857 882;981 593;1 048 547;1 024 903;978 977;794 660;750 303;537 207;362 395;305 113;329 532;322 074;350 268;429 296;464 866
od pozostałych form własności;t;.;.;.;.;.;.;.;.;.;.;.;.;.;.;.;.;.;.;.;.;.;.;.;.;.;.;.;.;.;.;.;.;.;.;.;.;.;.;.;.;.;.;.;.;.;442;14;—;9216;12 565
cielęta;t;—;76 742;61 330;72 452;79 427;71 549;75 399;69 475;79 252;104 128;97 021;98 671;82 935;74 246;63 917;58 813;55 285;51 213;51 973;60 863;74 366;72 400;81 434;60 906;66 463;78 024;65 054;54 582;47 564;52 345;53 496;40 479;30 184;65 429;54 048;40 957;19 945;18 923;18 923;20 573;25 981;39 110;15 239;12 787;11 743;11 914;11 282;12 439;13 535;17 430
od gospodarstw państwowych;t;—;451;1365;1921;2161;2027;2033;2620;4055;5006;4693;2901;1796;1275;1733;1089;1446;1432;1474;1092;1251;1075;1038;904;710;755;716;886;1017;742;843;1058;769;2735;4189;2930;1254;1122;1293;1165;1164;1516;748;833;778;300;336;225;253;118
od spółdzielni produkcji rolniczej;t;.;.;.;.;.;.;.;.;.;.;.;.;.;.;.;.;.;.;.;.;.;.;.;.;.;.;.;.;.;.;.;131;94;120;246;257;192;120;170;178;242;276;119;106;57;44;46;20;20;20
od spółdzielni produkcyjnych;t;—;—;30;87;496;901;1450;1681;195;136;118;97;90;63;73;69;73;57;70;31;41;34;20;28;22;22;37;50;39;68;83;101;85;113;241;256;187;120;170;178;237;276;118;.;.;.;.;.;.;.
od kółek rolniczych;t;—;—;—;—;—;—;—;—;—;—;—;—;—;—;—;—;100;—;—;—;—;—;—;—;—;—;—;16;36;41;25;30;9;7;5;1;5;—;—;—;5;—;1;.;.;.;.;.;.;.
od gospodarstw indywidualnych;t;—;76 291;59 935;70 444;76 770;68 621;71 916;65 174;75 002;98 986;92 210;95 673;81 049;72 908;62 111;57 655;53 666;49 724;50 429;59 740;73 074;71 291;80 376;59 974;65 731;77 247;64 301;53 630;46 472;51 494;52 545;39 290;29 321;62 574;49 613;37 770;18 499;17 681;17 460;19 230;24 575;37 318;14 372;11 848;10 908;11 563;10 900;12 194;13 201;17 200
od pozostałych form własności;t;.;.;.;.;.;.;.;.;.;.;.;.;.;.;.;.;.;.;.;.;.;.;.;.;.;.;.;.;.;.;.;.;.;.;.;.;.;.;.;.;.;.;.;.;.;7;—;—;61;92
trzoda chlewna;t;—;784 589;581 670;488 026;625 338;598 235;619 263;768 479;912 462;1 100 914;962 408;961 081;1 155 611;1 133 061;929 666;901 554;1 144 954;1 227 197;1 194 099;1 119 827;1 170 228;1 139 699;1 237 261;1 664 056;1 919 871;2 078 718;1 970 792;1 646 476;1 628 867;1 908 208;1 966 651;1 877 549;1 316 418;1 435 562;1 289 772;1 168 533;1 380 640;1 688 683;1 657 479;1 716 777;1 527 935;1 197 483;1 163 786;1 194 050;1 095 931;914 946;1 134 884;1 161 030;1 209 425;1 367 529
od gospodarstw państwowych;t;—;25 778;36 635;50 044;81 019;86 261;93 756;106 729;107 720;105 869;74 481;87 148;120 019;115 010;112 263;114 568;141 499;142 199;141 148;142 432;152 273;159 926;178 418;227 259;279 322;320 169;365 848;363 366;385 566;477 293;486 767;491 384;412 719;357 004;385 614;387 835;419 702;468 610;493 035;514 310;461 973;368 613;284 705;211 964;145 002;82 393;70 386;65 071;60 128;48 034
od spółdzielni produkcji rolniczej;t;.;.;.;.;.;.;.;.;.;.;.;.;.;.;.;.;.;.;.;.;.;.;.;.;.;.;.;.;.;.;.;172 156;112 646;83 607;76 826;63 256;69 775;81 907;85 012;84 296;76 676;52 090;47 122;46 230;44 625;42 400;53 603;52 441;55 149;51 628
od spółdzielni produkcyjnych;t;—;—;378;1890;7049;11 789;15 316;22 235;3207;1656;1358;1346;1817;1578;1839;2107;2658;3137;3351;3418;3509;3731;5443;9793;16 943;33 258;55 432;50 226;55 910;86 786;94 531;97 268;72 808;65 592;65 364;53 968;60 541;72 381;75 558;75 852;69 626;48 474;40 562;.;.;.;.;.;.;.
od kółek rolniczych;t;—;—;—;—;—;—;—;—;—;—;—;—;—;—;—;—;—;—;—;—;—;300;900;3200;9900;41 300;93 700;93 580;109 594;140 791;100 731;74 888;39 838;18 015;11 462;9288;9234;9526;9454;8444;7050;3616;6560;.;.;.;.;.;.;.
od gospodarstw indywidualnych;t;—;758 811;544 657;436 092;537 270;500 185;510 191;639 515;801 535;993 389;886 569;872 587;1 033 775;1 016 473;815 564;784 879;1 000 797;1 081 861;1 049 600;973 977;1 014 446;975 742;1 052 500;1 423 804;1 613 706;1 683 991;1 455 812;1 139 304;1 077 797;1 203 338;1 284 622;1 214 009;791 053;994 951;827 332;717 442;891 163;1 138 166;1 079 432;1 118 171;989 286;776 780;831 959;935 856;906 304;789 033;1 010 151;1 043 424;1 056 183;1 214 686
od pozostałych form własności;t;.;.;.;.;.;.;.;.;.;.;.;.;.;.;.;.;.;.;.;.;.;.;.;.;.;.;.;.;.;.;.;.;.;.;.;.;.;.;.;.;.;.;.;.;.;1120;744;94;37 965;53 181
owce;t;—;6000;2304;5261;10 261;16 177;15 194;14 415;17 915;14 377;15 527;14 955;14 370;12 554;9605;9929;9702;11 395;14 488;15 404;16 620;14 807;17 138;18 754;21 622;19 211;19 812;18 859;23 207;29 353;33 793;32 496;23 173;20 711;20 479;20 225;25 169;34 057;38 938;37 727;34 767;33 187;32 891;20 810;12 636;6687;4863;3319;2342;3115
od gospodarstw państwowych;t;—;500;527;353;441;689;1047;1620;2585;2198;2604;2179;2671;2906;2834;2819;2982;3029;3450;3613;4091;4208;4158;4621;5436;5423;6504;7513;10 115;11 535;13 578;14 750;13 544;10 259;10 111;9228;9688;12 320;16 141;16 969;16 569;14 350;16 922;7735;3691;1593;646;371;149;106
od spółdzielni produkcji rolniczej;t;.;.;.;.;.;.;.;.;.;.;.;.;.;.;.;.;.;.;.;.;.;.;.;.;.;.;.;.;.;.;.;4973;3014;2161;1862;1745;2324;2855;3100;2846;2871;2627;2636;1219;632;364;321;54;82;45
od spółdzielni produkcyjnych;t;—;—;12;29;128;300;482;846;90;22;9;10;20;23;12;15;19;44;56;35;54;74;120;168;307;492;657;751;1302;1932;2717;3313;2265;1737;1601;1543;2141;2605;2869;2574;2690;2538;2504;.;.;.;.;.;.;.
od kółek rolniczych;t;—;—;—;—;—;—;—;—;—;—;—;—;—;—;—;—;100;—;—;—;—;—;—;100;100;200;500;445;1003;1608;1857;1660;749;424;261;202;183;250;231;272;181;89;132;.;.;.;.;.;.;.
od gospodarstw indywidualnych;t;—;5500;1765;4879;9692;15 188;13 665;11 949;15 240;12 157;12 914;12 766;11 679;9625;6759;7095;6601;8322;10 982;11 756;12 475;10 525;12 860;13 865;15 779;13 096;12 151;10 150;10 787;14 278;15 641;12 773;6615;8291;8506;9252;13 157;18 882;19 697;17 912;15 327;16 210;13 333;11 856;8313;4729;3896;2894;2061;2937
od pozostałych form własności;t;.;.;.;.;.;.;.;.;.;.;.;.;.;.;.;.;.;.;.;.;.;.;.;.;.;.;.;.;.;.;.;.;.;.;.;.;.;.;.;.;.;.;.;.;.;1;—;—;50;27
konie;t;—;1500;23 504;35 686;48 118;38 014;24 334;12 164;4487;6833;25 575;38 791;29 158;24 735;19 096;19 629;9239;28 895;25 131;35 183;41 241;63 798;68 097;59 879;51 103;65 088;77 250;86 719;96 204;95 567;92 163;74 803;45 654;39 996;72 626;91 992;100 249;84 202;76 947;48 680;37 750;37 522;27 545;54 936;48 776;39 790;31 635;31 731;33 780;41 450
od gospodarstw państwowych;t;—;—;850;1400;1803;2020;2434;1830;844;734;2513;3037;2404;2590;2665;2183;1703;2618;3181;3807;3970;4444;4199;4034;3133;2418;2236;2068;1447;1343;1067;1072;823;706;819;709;959;917;908;612;346;322;131;84;66;28;65;5;2;23
od spółdzielni produkcji rolniczej;t;.;.;.;.;.;.;.;.;.;.;.;.;.;.;.;.;.;.;.;.;.;.;.;.;.;.;.;.;.;.;.;137;104;46;75;200;100;111;80;65;78;174;41;10;10;3;2;25;5;—
od spółdzielni produkcyjnych;t;—;—;103;104;526;597;591;347;50;13;31;53;23;11;11;25;14;26;22;22;63;42;41;40;43;51;45;65;62;115;130;125;96;45;73;148;75;107;79;62;72;174;39;.;.;.;.;.;.;.
od kółek rolniczych;t;—;—;—;—;—;—;—;—;—;—;—;—;—;—;—;—;—;—;—;—;—;—;—;—;—;—;—;60;127;57;24;12;8;1;2;52;25;4;1;3;6;—;2;.;.;.;.;.;.;.
od gospodarstw indywidualnych;t;—;1500;22 551;34 182;45 789;35 397;21 309;9987;3593;6086;23 031;35 701;26 731;22 134;16 420;17 421;7522;26 251;21 928;31 354;37 208;59 312;63 857;55 805;47 927;62 619;74 969;84 526;94 568;94 052;90 942;73 594;44 727;39 244;71 732;91 083;99 190;83 174;75 959;48 003;37 326;37 026;27 373;54 842;48 700;39 757;31 568;31 701;33 758;41 424
od pozostałych form własności;t;.;.;.;.;.;.;.;.;.;.;.;.;.;.;.;.;.;.;.;.;.;.;.;.;.;.;.;.;.;.;.;.;.;.;.;.;.;.;.;.;.;.;.;.;.;2;—;—;15;3
drób;t;—;20 930;10 647;21 276;20 892;17 018;16 385;17 652;16 853;23 236;27 413;30 234;33 300;27 256;25 141;37 815;47 187;62 844;61 443;68 278;76 553;89 154;100 772;127 982;161 234;190 823;231 120;287 253;348 126;397 370;452 211;489 275;503 857;150 439;153 437;242 591;275 048;325 218;335 660;361 804;361 678;306 528;295 398;289 951;242 108;284 212;324 259;421 442;509 781;616 588
od gospodarstw państwowych;t;—;—;—;—;—;—;967;992;778;518;518;686;1309;1243;1539;2149;2918;6316;7824;9289;10 784;12 020;14 282;14 634;15 628;14 146;15 155;17 997;20 138;18 292;17 568;21 395;23 692;8388;7365;11 056;11 722;15 098;18 841;23 471;25 004;28 579;27 537;20 995;17 572;10 826;9769;11 759;4295;2426
od spółdzielni produkcji rolniczej;t;.;.;.;.;.;.;.;.;.;.;.;.;.;.;.;.;.;.;.;.;.;.;.;.;.;.;.;.;.;.;.;179 697;193 911;37 979;40 510;64 385;67 182;70 754;66 975;70 773;76 675;63 947;55 869;49 091;32 805;27 649;24 481;28 247;35 584;29 642
od spółdzielni produkcyjnych;t;—;—;—;—;—;—;5;9;1;.;22;12;9;24;219;984;3811;7149;10 043;12 317;14 350;19 670;21 685;28 428;33 771;41 696;50 685;71 735;99 054;124 344;154 416;174 301;188 725;36 812;38 503;61 316;63 395;67 658;64 678;69 366;75 189;62 946;54 497;.;.;.;.;.;.;.
od kółek rolniczych;t;—;—;—;—;—;—;—;—;—;—;—;—;—;—;—;—;100;—;—;—;—;600;600;800;1100;1200;1600;1955;6076;5280;4911;5396;5186;1167;2007;3069;3787;3096;2297;1407;1486;1001;1372;.;.;.;.;.;.;.
od gospodarstw indywidualnych;t;—;—;—;—;—;—;15 413;16 651;16 074;22 718;26 873;29 536;31 982;25 989;23 383;34 682;40 358;49 379;43 576;46 672;51 419;56 864;64 205;84 120;110 735;133 781;163 680;195 566;222 858;249 454;275 316;288 183;286 254;104 072;105 562;167 150;196 144;239 366;249 844;267 560;259 999;214 002;211 992;219 865;191 731;245 558;290 009;379 591;445 078;556 497
od pozostałych form własności;t;.;.;.;.;.;.;.;.;.;.;.;.;.;.;.;.;.;.;.;.;.;.;.;.;.;.;.;.;.;.;.;.;.;.;.;.;.;.;.;.;.;.;.;.;.;179;—;1845;24 824;28 023
Skup żywca rzeźnego w przeliczeniu na mięso (łącznie z tłuszczami);t;—;813 913;610 156;559 391;691 543;645 640;653 270;804 727;914 994;1 118 673;1 044 738;1 063 232;1 224 938;1 237 760;1 107 704;1 120 650;1 266 710;1 367 306;1 388 187;1 383 352;1 456 851;1 437 104;1 533 860;1 856 915;2 104 425;2 428 813;2 436 849;2 285 253;2 278 220;2 526 661;2 654 175;2 538 292;1 884 134;1 892 142;1 776 827;1 805 991;2 026 264;2 320 351;2 300 834;2 326 141;2 072 561;1 777 762;1 532 784;1 417 783;1 257 112;1 137 819;1 320 887;1 421 484;1 568 317;1 794 236
od gospodarstw państwowych;t;—;—;—;—;—;—;88 776;101 129;102 850;102 682;79 145;90 661;125 629;131 141;135 178;140 550;168 559;182 487;189 345;202 271;226 491;225 124;265 557;314 405;376 223;451 766;503 985;518 235;543 439;615 420;620 302;623 254;509 358;457 126;470 061;474 958;480 099;515 973;542 278;558 862;506 904;428 797;325 803;222 998;155 505;87 988;71 439;66 131;55 858;45 498
od spółdzielni produkcji rolniczej;t;.;.;.;.;.;.;.;.;.;.;.;.;.;.;.;.;.;.;.;.;.;.;.;.;.;.;.;.;.;.;.;308 871;257 780;124 166;118 401;123 590;126 288;136 384;135 856;137 793;132 788;102 003;85 993;76 885;62 613;57 016;63 008;64 466;72 605;65 299
od spółdzielni produkcyjnych;t;—;—;—;—;—;—;16 263;23 909;3523;1741;1393;1364;1808;1607;2228;3230;5967;9111;12 387;14 576;17 199;21 554;25 056;34 849;46 972;72 146;99 028;113 861;140 069;185 243;215 775;234 684;217 380;106 016;105 514;112 377;115 432;126 125;126 237;129 760;125 905;98 232;79 483;.;.;.;.;.;.;.
od kółek rolniczych;t;—;—;—;—;—;—;—;—;—;—;—;—;—;—;—;—;500;—;—;—;—;1200;1800;4100;10 600;37 900;82 400;88 392;110 703;134 694;98 858;74 187;40 400;18 150;12 887;11 213;10 856;10 259;9619;8033;6883;3771;6510;.;.;.;.;.;.;.
od gospodarstw indywidualnych;t;—;—;—;—;—;—;548 231;679 689;808 621;1 014 250;964 200;971 207;1 097 501;1 105 012;970 298;976 870;1 091 684;1 175 708;1 186 455;1 166 505;1 213 161;1 189 226;1 241 447;1 503 561;1 670 630;1 867 001;1 751 436;1 564 765;1 484 009;1 591 304;1 719 240;1 606 167;1 116 996;1 310 850;1 188 365;1 207 443;1 419 877;1 667 994;1 622 700;1 629 486;1 432 869;1 246 962;1 120 988;1 117 900;1 038 994;991 579;1 185 852;1 289 522;1 387 965;1 615 681
od pozostałych form własności;t;.;.;.;.;.;.;.;.;.;.;.;.;.;.;.;.;.;.;.;.;.;.;.;.;.;.;.;.;.;.;.;.;.;.;.;.;.;.;.;.;.;.;.;.;.;1236;588;1365;51 889;67 758
Skup mleka;tys. l;—;1 375 500;1 844 200;2 034 300;2 136 700;2 345 300;2 452 887;2 513 541;3 045 527;3 467 526;3 705 855;3 729 214;3 863 706;3 837 914;3 561 471;3 650 618;4 177 553;4 633 598;4 832 625;5 069 224;5 040 962;5 309 091;5 456 290;6 599 237;7 374 217;8 064 402;8 108 747;8 834 246;9 675 361;9 978 761;9 978 558;10 012 886;9 264 272;9 323 733;10 719 525;11 506 758;11 132 692;10 622 075;10 738 934;11 020 221;11 384 912;9 828 570;7 844 349;6 854 032;6 681 968;6 269 109;6 139 288;6 396 401;6 832 121;6 943 387
od gospodarstw państwowych;tys. l;—;—;—;—;—;—;417 580;441 872;493 412;546 525;657 249;706 641;787 673;759 571;714 265;809 495;943 366;984 527;1 014 385;1 084 110;1 117 366;1 165 497;1 176 511;1 325 114;1 449 081;1 556 733;1 577 755;1 688 871;1 770 810;1 831 741;1 777 136;1 763 151;1 481 513;1 451 461;1 632 016;1 732 729;1 725 758;1 708 892;1 723 025;1 765 603;1 811 519;1 484 687;1 121 274;771 706;599 071;439 631;313 581;295 590;285 955;321 591
od spółdzielni produkcji rolniczej;tys. l;.;.;.;.;.;.;.;.;.;.;.;.;.;.;.;.;.;.;.;.;.;.;.;.;.;.;.;.;.;.;.;185 870;161 178;160 642;186 151;192 288;187 255;177 976;174 425;175 669;179 687;144 586;107 178;88 443;91 370;87 834;80 122;79 523;88 282;90 917
od spółdzielni produkcyjnych;tys. l;—;—;—;—;—;—;246 901;238 309;28 507;25 313;25 597;26 400;30 688;32 192;33 471;37 502;44 689;49 647;50 781;50 203;51 345;56 052;56 837;64 051;73 501;80 815;88 382;102 702;125 898;146 149;158 739;177 708;156 611;157 300;181 977;188 579;184 600;176 177;173 016;174 285;178 129;143 280;106 593;.;.;.;.;.;.;.
od kółek rolniczych;tys. l;—;—;—;—;—;—;—;—;—;—;—;—;—;—;—;—;2000;—;—;—;—;3700;3500;3300;3900;3700;3700;4934;7577;10 412;11 103;8162;4567;3342;4174;3709;2655;1799;1409;1384;1558;1306;585;.;.;.;.;.;.;.
od gospodarstw indywidualnych;tys. l;—;—;—;—;—;—;1 788 406;1 833 360;2 523 608;2 895 688;3 023 009;2 996 173;3 045 345;3 046 151;2 813 735;2 803 621;3 187 498;3 599 424;3 767 459;3 934 911;3 872 251;4 083 842;4 219 442;5 206 772;5 847 735;6 423 154;6 438 910;7 037 739;7 771 076;7 990 459;8 031 580;8 063 865;7 621 581;7 711 630;8 901 358;9 581 741;9 219 679;8 735 207;8 841 484;9 078 949;9 393 706;8 199 297;6 615 897;5 993 883;5 991 527;5 738 706;5 743 672;6 020 687;6 351 309;6 377 246
od pozostałych form własności;tys. l;.;.;.;.;.;.;.;.;.;.;.;.;.;.;.;.;.;.;.;.;.;.;.;.;.;.;.;.;.;.;.;.;.;.;.;.;.;.;.;.;.;.;.;.;.;2938;1913;601;106 575;153 633
Skup jaj;tys. szt.;1 219 800;1 006 300;1 255 100;1 591 900;1 537 000;1 635 457;1 646 062;1 658 504;1 817 583;2 203 543;2 528 256;2 897 277;2 817 104;2 460 775;2 546 945;2 524 090;2 247 293;2 221 473;2 163 977;2 277 604;2 509 422;2 472 041;2 632 770;2 468 474;2 838 230;2 871 521;2 852 298;3 374 455;3 295 071;3 456 431;3 599 956;3 586 580;2 976 499;2 992 212;2 933 524;3 171 136;2 770 760;2 417 694;2 551 098;1 847 768;790 558;503 830;454 774;462 199;427 502;517 606;558 229;578 251;603 821;.
od gospodarstw państwowych;tys. szt.;—;—;—;—;—;21 495;24 218;23 381;17 934;12 260;17 335;24 347;23 305;19 448;20 297;20 048;19 716;16 693;16 689;15 697;15 233;16 777;12 263;14 211;13 144;19 754;24 799;32 885;28 496;33 544;43 735;60 276;126 530;274 071;306 931;334 507;392 232;402 066;379 620;339 671;299 479;331 352;343 645;334 105;278 640;319 415;360 392;172 880;152 918;.
od spółdzielni produkcji rolniczej;tys. szt.;.;.;.;.;.;.;.;.;.;.;.;.;.;.;.;.;.;.;.;.;.;.;.;.;.;.;.;.;.;.;116 223;173 697;244 789;288 517;308 578;286 112;292 603;238 477;244 608;157 107;71 460;29 364;16 127;56 536;57 299;56 996;55 598;64 541;60 179;.
od spółdzielni produkcyjnych;tys. szt.;—;—;—;—;—;1001;18;435;959;149;197;336;344;284;450;520;479;399;425;356;549;283;89;555;2339;6796;5422;23 369;46 370;60 707;95 811;160 303;201 400;265 261;272 463;268 077;257 529;224 316;216 870;146 482;63 023;28 920;.;.;.;.;.;.;.;.
od kółek rolniczych;tys. szt.;—;—;—;—;—;—;—;—;—;—;—;—;—;—;—;—;—;—;—;—;300;400;200;400;800;1900;4996;10 132;9863;11 532;20 412;13 394;43 389;23 256;36 115;18 035;35 074;14 161;27 738;10 625;8437;444;.;.;.;.;.;.;.;.
od gospodarstw indywidualnych;tys. szt.;—;—;—;—;—;1 612 961;1 621 826;1 634 688;1 798 690;2 191 134;2 510 724;2 872 594;2 793 455;2 441 043;2 526 198;2 503 522;2 227 098;2 204 381;2 146 863;2 261 551;2 493 340;2 454 581;2 620 218;2 453 308;2 821 947;2 843 071;2 817 081;3 308 069;3 210 342;3 350 648;3 439 998;3 352 607;2 605 180;2 429 624;2 318 015;2 550 517;2 085 925;1 777 151;1 926 870;1 350 990;419 619;143 114;95 002;71 558;91 563;141 195;142 239;309 208;363 199;.
od pozostałych form własności;tys. szt.;.;.;.;.;.;.;.;.;.;.;.;.;.;.;.;.;.;.;.;.;.;.;.;.;.;.;.;.;.;.;.;.;.;.;.;.;.;.;.;.;.;.;.;.;—;—;—;31 622;27 525;.
Skup wełny;kg;—;1 671 700;2 826 900;3 441 500;5 498 000;7 162 500;8 448 000;7 529 000;7 219 000;7 548 000;7 984 000;8 100 000;7 995 000;7 292 000;6 546 000;6 533 000;6 728 000;7 600 000;8 297 000;8 554 000;8 619 000;8 643 000;8 869 000;8 693 000;8 364 000;8 739 000;9 190 000;10 302 184;11 857 913;12 529 418;13 334 787;12 485 920;9 702 743;12 888 974;11 885 789;14 303 330;15 365 104;16 493 572;15 316 539;13 541 078;11 371 826;6 496 181;4 798 458;2 871 361;1 378 571;905 443;821 371;615 090;572 967;309 229
od gospodarstw państwowych;kg;—;—;—;—;—;—;833 000;811 000;738 000;681 000;666 000;770 000;847 000;879 000;892 000;946 000;1 030 000;1 014 000;1 240 000;1 184 000;1 329 000;1 366 000;1 448 000;1 513 000;1 684 000;1 819 000;2 267 000;2 640 791;2 918 866;3 332 951;3 790 752;4 032 985;3 178 924;3 825 630;3 643 723;3 953 689;4 321 960;5 053 897;5 029 985;4 268 467;3 296 157;2 554 461;1 569 545;415 860;161 278;105 551;69 397;24 119;17 585;28 613
od spółdzielni produkcji rolniczej;kg;.;.;.;.;.;.;.;.;.;.;.;.;.;.;.;.;.;.;.;.;.;.;.;.;.;.;.;.;.;.;.;1 331 788;942 095;1 144 021;970 658;988 101;962 496;1 013 087;852 558;724 055;603 988;366 110;276 176;95 788;29 083;28 951;12 822;5800;11 095;10 091
od spółdzielni produkcyjnych;kg;—;—;—;—;—;—;156 000;219 000;31 000;23 000;15 000;12 000;13 000;7000;18 000;23 000;13 000;18 000;17 000;11 000;20 000;5000;30 000;38 000;64 000;107 000;182 000;348 644;577 857;771 027;943 904;952 011;758 924;983 883;852 621;903 555;880 893;940 711;784 101;675 207;555 141;331 947;268 506;.;.;.;.;.;.;.
od kółek rolniczych;kg;—;—;—;—;—;—;—;—;—;—;—;—;—;—;—;—;11 000;—;—;—;—;21 000;28 000;36 000;51 000;76 000;132 000;247 511;450 156;461 900;457 119;379 777;183 171;160 138;118 037;84 546;81 603;72 376;68 457;48 848;48 847;34 163;7670;.;—;.;.;.;.;.
od gospodarstw indywidualnych;kg;—;—;—;—;—;—;7 459 000;6 499 000;6 450 000;6 844 000;7 303 000;7 318 000;7 135 000;6 406 000;5 636 000;5 564 000;5 674 000;6 568 000;7 040 000;7 359 000;7 270 000;7 251 000;7 363 000;7 106 000;6 565 000;6 737 000;6 609 000;7 065 238;7 911 034;7 963 540;8 143 012;7 121 147;5 581 724;7 919 323;7 271 408;9 361 540;10 080 648;10 426 588;9 433 996;8 548 556;7 471 681;3 575 610;2 952 737;2 359 713;1 188 210;770 941;739 152;585 171;537 622;251 977
od pozostałych form własności;kg;.;.;.;.;.;.;.;.;.;.;.;.;.;.;.;.;.;.;.;.;.;.;.;.;.;.;.;.;.;.;.;.;.;.;.;.;.;.;.;.;.;.;.;.;.;—;—;—;6665;18 548
